cell,cve_id,jaccard,kind,max,mean,median,min,n,pair_type,scope
B1,exiv2.cve-2017-14859,0.6742034943473793,pair,,,,,,sibling,worker_only
B1,exiv2.cve-2017-14859,0.34758064516129034,pair,,,,,,hierarchy,worker_only
B1,exiv2.cve-2017-14859,0.3466453674121406,pair,,,,,,hierarchy,worker_only
B1,exiv2.cve-2017-14859,0.6742034943473793,pair,,,,,,sibling,full_tree
B1,exiv2.cve-2017-14859,0.34758064516129034,pair,,,,,,hierarchy,full_tree
B1,exiv2.cve-2017-14859,0.3466453674121406,pair,,,,,,hierarchy,full_tree
B2,exiv2.cve-2017-14859,0.9093464511595222,pair,,,,,,sibling,worker_only
B2,exiv2.cve-2017-14859,0.9257673090649536,pair,,,,,,sibling,worker_only
B2,exiv2.cve-2017-14859,0.9141843971631206,pair,,,,,,sibling,worker_only
B2,exiv2.cve-2017-14859,0.923352435530086,pair,,,,,,sibling,worker_only
B2,exiv2.cve-2017-14859,0.9363376251788269,pair,,,,,,sibling,worker_only
B2,exiv2.cve-2017-14859,0.9057002111189303,pair,,,,,,sibling,worker_only
B2,exiv2.cve-2017-14859,0.9133522727272727,pair,,,,,,sibling,worker_only
B2,exiv2.cve-2017-14859,0.9193433261955746,pair,,,,,,sibling,worker_only
B2,exiv2.cve-2017-14859,0.925845932325414,pair,,,,,,sibling,worker_only
B2,exiv2.cve-2017-14859,0.9307359307359307,pair,,,,,,sibling,worker_only
B2,exiv2.cve-2017-14859,0.9166666666666666,pair,,,,,,sibling,worker_only
B2,exiv2.cve-2017-14859,0.9275053304904051,pair,,,,,,sibling,worker_only
B2,exiv2.cve-2017-14859,0.9121574139142656,pair,,,,,,sibling,worker_only
B2,exiv2.cve-2017-14859,0.9163090128755365,pair,,,,,,sibling,worker_only
B2,exiv2.cve-2017-14859,0.9203980099502488,pair,,,,,,sibling,worker_only
B2,exiv2.cve-2017-14859,0.9081990189208129,pair,,,,,,sibling,worker_only
B2,exiv2.cve-2017-14859,0.9068278805120911,pair,,,,,,sibling,worker_only
B2,exiv2.cve-2017-14859,0.9055673009161381,pair,,,,,,sibling,worker_only
B2,exiv2.cve-2017-14859,0.9255547602004295,pair,,,,,,sibling,worker_only
B2,exiv2.cve-2017-14859,0.9173144876325088,pair,,,,,,sibling,worker_only
B2,exiv2.cve-2017-14859,0.9369108049311095,pair,,,,,,sibling,worker_only
B2,exiv2.cve-2017-14859,0.5443175638934203,pair,,,,,,hierarchy,worker_only
B2,exiv2.cve-2017-14859,0.8861622358554874,pair,,,,,,hierarchy,worker_only
B2,exiv2.cve-2017-14859,0.9066390041493776,pair,,,,,,hierarchy,worker_only
B2,exiv2.cve-2017-14859,0.9033816425120773,pair,,,,,,hierarchy,worker_only
B2,exiv2.cve-2017-14859,0.883321894303363,pair,,,,,,hierarchy,worker_only
B2,exiv2.cve-2017-14859,0.8961748633879781,pair,,,,,,hierarchy,worker_only
B2,exiv2.cve-2017-14859,0.906184850590688,pair,,,,,,hierarchy,worker_only
B2,exiv2.cve-2017-14859,0.9078855547801814,pair,,,,,,hierarchy,worker_only
B2,exiv2.cve-2017-14859,0.8787878787878788,pair,,,,,,hierarchy,worker_only
B2,exiv2.cve-2017-14859,0.8819112627986349,pair,,,,,,hierarchy,worker_only
B2,exiv2.cve-2017-14859,0.9056732740943267,pair,,,,,,hierarchy,worker_only
B2,exiv2.cve-2017-14859,0.8873904248145651,pair,,,,,,hierarchy,worker_only
B2,exiv2.cve-2017-14859,0.8834688346883469,pair,,,,,,hierarchy,worker_only
B2,exiv2.cve-2017-14859,0.83149708360337,pair,,,,,,sibling,full_tree
B2,exiv2.cve-2017-14859,0.8436268068331143,pair,,,,,,sibling,full_tree
B2,exiv2.cve-2017-14859,0.8675767918088737,pair,,,,,,sibling,full_tree
B2,exiv2.cve-2017-14859,0.8432642487046632,pair,,,,,,sibling,full_tree
B2,exiv2.cve-2017-14859,0.83841059602649,pair,,,,,,sibling,full_tree
B2,exiv2.cve-2017-14859,0.8521505376344086,pair,,,,,,sibling,full_tree
B2,exiv2.cve-2017-14859,0.9093464511595222,pair,,,,,,sibling,full_tree
B2,exiv2.cve-2017-14859,0.9257673090649536,pair,,,,,,sibling,full_tree
B2,exiv2.cve-2017-14859,0.9141843971631206,pair,,,,,,sibling,full_tree
B2,exiv2.cve-2017-14859,0.923352435530086,pair,,,,,,sibling,full_tree
B2,exiv2.cve-2017-14859,0.9363376251788269,pair,,,,,,sibling,full_tree
B2,exiv2.cve-2017-14859,0.9057002111189303,pair,,,,,,sibling,full_tree
B2,exiv2.cve-2017-14859,0.9133522727272727,pair,,,,,,sibling,full_tree
B2,exiv2.cve-2017-14859,0.9193433261955746,pair,,,,,,sibling,full_tree
B2,exiv2.cve-2017-14859,0.925845932325414,pair,,,,,,sibling,full_tree
B2,exiv2.cve-2017-14859,0.9307359307359307,pair,,,,,,sibling,full_tree
B2,exiv2.cve-2017-14859,0.9166666666666666,pair,,,,,,sibling,full_tree
B2,exiv2.cve-2017-14859,0.9275053304904051,pair,,,,,,sibling,full_tree
B2,exiv2.cve-2017-14859,0.9121574139142656,pair,,,,,,sibling,full_tree
B2,exiv2.cve-2017-14859,0.9163090128755365,pair,,,,,,sibling,full_tree
B2,exiv2.cve-2017-14859,0.9203980099502488,pair,,,,,,sibling,full_tree
B2,exiv2.cve-2017-14859,0.9081990189208129,pair,,,,,,sibling,full_tree
B2,exiv2.cve-2017-14859,0.9068278805120911,pair,,,,,,sibling,full_tree
B2,exiv2.cve-2017-14859,0.9055673009161381,pair,,,,,,sibling,full_tree
B2,exiv2.cve-2017-14859,0.9255547602004295,pair,,,,,,sibling,full_tree
B2,exiv2.cve-2017-14859,0.9173144876325088,pair,,,,,,sibling,full_tree
B2,exiv2.cve-2017-14859,0.9369108049311095,pair,,,,,,sibling,full_tree
B2,exiv2.cve-2017-14859,0.5251572327044025,pair,,,,,,hierarchy,full_tree
B2,exiv2.cve-2017-14859,0.5443175638934203,pair,,,,,,hierarchy,full_tree
B2,exiv2.cve-2017-14859,0.5339702760084926,pair,,,,,,hierarchy,full_tree
B2,exiv2.cve-2017-14859,0.522077922077922,pair,,,,,,hierarchy,full_tree
B2,exiv2.cve-2017-14859,0.8861622358554874,pair,,,,,,hierarchy,full_tree
B2,exiv2.cve-2017-14859,0.9066390041493776,pair,,,,,,hierarchy,full_tree
B2,exiv2.cve-2017-14859,0.9033816425120773,pair,,,,,,hierarchy,full_tree
B2,exiv2.cve-2017-14859,0.883321894303363,pair,,,,,,hierarchy,full_tree
B2,exiv2.cve-2017-14859,0.8961748633879781,pair,,,,,,hierarchy,full_tree
B2,exiv2.cve-2017-14859,0.906184850590688,pair,,,,,,hierarchy,full_tree
B2,exiv2.cve-2017-14859,0.9078855547801814,pair,,,,,,hierarchy,full_tree
B2,exiv2.cve-2017-14859,0.8787878787878788,pair,,,,,,hierarchy,full_tree
B2,exiv2.cve-2017-14859,0.8819112627986349,pair,,,,,,hierarchy,full_tree
B2,exiv2.cve-2017-14859,0.9056732740943267,pair,,,,,,hierarchy,full_tree
B2,exiv2.cve-2017-14859,0.8873904248145651,pair,,,,,,hierarchy,full_tree
B2,exiv2.cve-2017-14859,0.8834688346883469,pair,,,,,,hierarchy,full_tree
B1,faad2.cve-2018-20196,0.6816753926701571,pair,,,,,,sibling,worker_only
B1,faad2.cve-2018-20196,0.34596774193548385,pair,,,,,,hierarchy,worker_only
B1,faad2.cve-2018-20196,0.3531326281529699,pair,,,,,,hierarchy,worker_only
B1,faad2.cve-2018-20196,0.6816753926701571,pair,,,,,,sibling,full_tree
B1,faad2.cve-2018-20196,0.34596774193548385,pair,,,,,,hierarchy,full_tree
B1,faad2.cve-2018-20196,0.3531326281529699,pair,,,,,,hierarchy,full_tree
B2,faad2.cve-2018-20196,0.9520057306590258,pair,,,,,,sibling,worker_only
B2,faad2.cve-2018-20196,0.9567723342939481,pair,,,,,,sibling,worker_only
B2,faad2.cve-2018-20196,0.9592566118656183,pair,,,,,,sibling,worker_only
B2,faad2.cve-2018-20196,0.920656634746922,pair,,,,,,sibling,worker_only
B2,faad2.cve-2018-20196,0.9314878892733564,pair,,,,,,sibling,worker_only
B2,faad2.cve-2018-20196,0.9346768589298123,pair,,,,,,sibling,worker_only
B2,faad2.cve-2018-20196,0.932825484764543,pair,,,,,,sibling,worker_only
B2,faad2.cve-2018-20196,0.9302486187845304,pair,,,,,,sibling,worker_only
B2,faad2.cve-2018-20196,0.9280774550484094,pair,,,,,,sibling,worker_only
B2,faad2.cve-2018-20196,0.9302486187845304,pair,,,,,,sibling,worker_only
B2,faad2.cve-2018-20196,0.9404761904761905,pair,,,,,,sibling,worker_only
B2,faad2.cve-2018-20196,0.9549612948627727,pair,,,,,,sibling,worker_only
B2,faad2.cve-2018-20196,0.9472944483485594,pair,,,,,,sibling,worker_only
B2,faad2.cve-2018-20196,0.9338335607094134,pair,,,,,,sibling,worker_only
B2,faad2.cve-2018-20196,0.935127674258109,pair,,,,,,sibling,worker_only
B2,faad2.cve-2018-20196,0.9266620973269363,pair,,,,,,sibling,worker_only
B2,faad2.cve-2018-20196,0.9207650273224044,pair,,,,,,sibling,worker_only
B2,faad2.cve-2018-20196,0.94375,pair,,,,,,sibling,worker_only
B2,faad2.cve-2018-20196,0.9271978021978022,pair,,,,,,sibling,worker_only
B2,faad2.cve-2018-20196,0.9292096219931272,pair,,,,,,sibling,worker_only
B2,faad2.cve-2018-20196,0.9514767932489452,pair,,,,,,sibling,worker_only
B2,faad2.cve-2018-20196,0.9480701754385965,pair,,,,,,sibling,worker_only
B2,faad2.cve-2018-20196,0.9447938504542278,pair,,,,,,sibling,worker_only
B2,faad2.cve-2018-20196,0.5566502463054187,pair,,,,,,hierarchy,worker_only
B2,faad2.cve-2018-20196,0.9385159010600707,pair,,,,,,hierarchy,worker_only
B2,faad2.cve-2018-20196,0.9623044096728307,pair,,,,,,hierarchy,worker_only
B2,faad2.cve-2018-20196,0.9465541490857946,pair,,,,,,hierarchy,worker_only
B2,faad2.cve-2018-20196,0.9290633608815427,pair,,,,,,hierarchy,worker_only
B2,faad2.cve-2018-20196,0.9282263630089717,pair,,,,,,hierarchy,worker_only
B2,faad2.cve-2018-20196,0.9357290946786455,pair,,,,,,hierarchy,worker_only
B2,faad2.cve-2018-20196,0.9287183002056203,pair,,,,,,hierarchy,worker_only
B2,faad2.cve-2018-20196,0.924863387978142,pair,,,,,,hierarchy,worker_only
B2,faad2.cve-2018-20196,0.9330110497237569,pair,,,,,,hierarchy,worker_only
B2,faad2.cve-2018-20196,0.9251191286589516,pair,,,,,,hierarchy,worker_only
B2,faad2.cve-2018-20196,0.9309165526675787,pair,,,,,,hierarchy,worker_only
B2,faad2.cve-2018-20196,0.9257221458046767,pair,,,,,,hierarchy,worker_only
B2,faad2.cve-2018-20196,0.9415855354659249,pair,,,,,,hierarchy,worker_only
B2,faad2.cve-2018-20196,0.860079575596817,pair,,,,,,sibling,full_tree
B2,faad2.cve-2018-20196,0.8476253298153035,pair,,,,,,sibling,full_tree
B2,faad2.cve-2018-20196,0.8684030157642221,pair,,,,,,sibling,full_tree
B2,faad2.cve-2018-20196,0.8528252299605782,pair,,,,,,sibling,full_tree
B2,faad2.cve-2018-20196,0.8597560975609756,pair,,,,,,sibling,full_tree
B2,faad2.cve-2018-20196,0.8761122518822724,pair,,,,,,sibling,full_tree
B2,faad2.cve-2018-20196,0.9520057306590258,pair,,,,,,sibling,full_tree
B2,faad2.cve-2018-20196,0.9567723342939481,pair,,,,,,sibling,full_tree
B2,faad2.cve-2018-20196,0.9592566118656183,pair,,,,,,sibling,full_tree
B2,faad2.cve-2018-20196,0.920656634746922,pair,,,,,,sibling,full_tree
B2,faad2.cve-2018-20196,0.9314878892733564,pair,,,,,,sibling,full_tree
B2,faad2.cve-2018-20196,0.9346768589298123,pair,,,,,,sibling,full_tree
B2,faad2.cve-2018-20196,0.932825484764543,pair,,,,,,sibling,full_tree
B2,faad2.cve-2018-20196,0.9302486187845304,pair,,,,,,sibling,full_tree
B2,faad2.cve-2018-20196,0.9280774550484094,pair,,,,,,sibling,full_tree
B2,faad2.cve-2018-20196,0.9302486187845304,pair,,,,,,sibling,full_tree
B2,faad2.cve-2018-20196,0.9404761904761905,pair,,,,,,sibling,full_tree
B2,faad2.cve-2018-20196,0.9549612948627727,pair,,,,,,sibling,full_tree
B2,faad2.cve-2018-20196,0.9472944483485594,pair,,,,,,sibling,full_tree
B2,faad2.cve-2018-20196,0.9338335607094134,pair,,,,,,sibling,full_tree
B2,faad2.cve-2018-20196,0.935127674258109,pair,,,,,,sibling,full_tree
B2,faad2.cve-2018-20196,0.9266620973269363,pair,,,,,,sibling,full_tree
B2,faad2.cve-2018-20196,0.9207650273224044,pair,,,,,,sibling,full_tree
B2,faad2.cve-2018-20196,0.94375,pair,,,,,,sibling,full_tree
B2,faad2.cve-2018-20196,0.9271978021978022,pair,,,,,,sibling,full_tree
B2,faad2.cve-2018-20196,0.9292096219931272,pair,,,,,,sibling,full_tree
B2,faad2.cve-2018-20196,0.9514767932489452,pair,,,,,,sibling,full_tree
B2,faad2.cve-2018-20196,0.9480701754385965,pair,,,,,,sibling,full_tree
B2,faad2.cve-2018-20196,0.9447938504542278,pair,,,,,,sibling,full_tree
B2,faad2.cve-2018-20196,0.5566502463054187,pair,,,,,,hierarchy,full_tree
B2,faad2.cve-2018-20196,0.543859649122807,pair,,,,,,hierarchy,full_tree
B2,faad2.cve-2018-20196,0.5327739905610908,pair,,,,,,hierarchy,full_tree
B2,faad2.cve-2018-20196,0.5371248025276462,pair,,,,,,hierarchy,full_tree
B2,faad2.cve-2018-20196,0.9385159010600707,pair,,,,,,hierarchy,full_tree
B2,faad2.cve-2018-20196,0.9623044096728307,pair,,,,,,hierarchy,full_tree
B2,faad2.cve-2018-20196,0.9465541490857946,pair,,,,,,hierarchy,full_tree
B2,faad2.cve-2018-20196,0.9290633608815427,pair,,,,,,hierarchy,full_tree
B2,faad2.cve-2018-20196,0.9282263630089717,pair,,,,,,hierarchy,full_tree
B2,faad2.cve-2018-20196,0.9357290946786455,pair,,,,,,hierarchy,full_tree
B2,faad2.cve-2018-20196,0.9287183002056203,pair,,,,,,hierarchy,full_tree
B2,faad2.cve-2018-20196,0.924863387978142,pair,,,,,,hierarchy,full_tree
B2,faad2.cve-2018-20196,0.9330110497237569,pair,,,,,,hierarchy,full_tree
B2,faad2.cve-2018-20196,0.9251191286589516,pair,,,,,,hierarchy,full_tree
B2,faad2.cve-2018-20196,0.9309165526675787,pair,,,,,,hierarchy,full_tree
B2,faad2.cve-2018-20196,0.9257221458046767,pair,,,,,,hierarchy,full_tree
B2,faad2.cve-2018-20196,0.9415855354659249,pair,,,,,,hierarchy,full_tree
B1,faad2.cve-2021-32272,0.6361829025844931,pair,,,,,,sibling,worker_only
B1,faad2.cve-2021-32272,0.6529774127310062,pair,,,,,,sibling,worker_only
B1,faad2.cve-2021-32272,0.6611226611226612,pair,,,,,,sibling,worker_only
B1,faad2.cve-2021-32272,0.35657051282051283,pair,,,,,,hierarchy,worker_only
B1,faad2.cve-2021-32272,0.3556451612903226,pair,,,,,,hierarchy,worker_only
B1,faad2.cve-2021-32272,0.3628831814415907,pair,,,,,,hierarchy,worker_only
B1,faad2.cve-2021-32272,0.6361829025844931,pair,,,,,,sibling,full_tree
B1,faad2.cve-2021-32272,0.6529774127310062,pair,,,,,,sibling,full_tree
B1,faad2.cve-2021-32272,0.6611226611226612,pair,,,,,,sibling,full_tree
B1,faad2.cve-2021-32272,0.35657051282051283,pair,,,,,,hierarchy,full_tree
B1,faad2.cve-2021-32272,0.3556451612903226,pair,,,,,,hierarchy,full_tree
B1,faad2.cve-2021-32272,0.3628831814415907,pair,,,,,,hierarchy,full_tree
B2,faad2.cve-2021-32272,0.9597989949748744,pair,,,,,,sibling,worker_only
B2,faad2.cve-2021-32272,0.9645441389290883,pair,,,,,,sibling,worker_only
B2,faad2.cve-2021-32272,0.9578270192994996,pair,,,,,,sibling,worker_only
B2,faad2.cve-2021-32272,0.9652482269503546,pair,,,,,,hierarchy,worker_only
B2,faad2.cve-2021-32272,0.9523809523809523,pair,,,,,,hierarchy,worker_only
B2,faad2.cve-2021-32272,0.9532246633593197,pair,,,,,,hierarchy,worker_only
B2,faad2.cve-2021-32272,0.9597989949748744,pair,,,,,,sibling,full_tree
B2,faad2.cve-2021-32272,0.9645441389290883,pair,,,,,,sibling,full_tree
B2,faad2.cve-2021-32272,0.9578270192994996,pair,,,,,,sibling,full_tree
B2,faad2.cve-2021-32272,0.5343551797040169,pair,,,,,,hierarchy,full_tree
B2,faad2.cve-2021-32272,0.9652482269503546,pair,,,,,,hierarchy,full_tree
B2,faad2.cve-2021-32272,0.9523809523809523,pair,,,,,,hierarchy,full_tree
B2,faad2.cve-2021-32272,0.9532246633593197,pair,,,,,,hierarchy,full_tree
B1,gpac.cve-2021-40575,0.7137931034482758,pair,,,,,,sibling,worker_only
B1,gpac.cve-2021-40575,0.7157772621809745,pair,,,,,,sibling,worker_only
B1,gpac.cve-2021-40575,0.7109004739336493,pair,,,,,,sibling,worker_only
B1,gpac.cve-2021-40575,0.35720375106564367,pair,,,,,,hierarchy,worker_only
B1,gpac.cve-2021-40575,0.36678200692041524,pair,,,,,,hierarchy,worker_only
B1,gpac.cve-2021-40575,0.3592314118629908,pair,,,,,,hierarchy,worker_only
B1,gpac.cve-2021-40575,0.7137931034482758,pair,,,,,,sibling,full_tree
B1,gpac.cve-2021-40575,0.7157772621809745,pair,,,,,,sibling,full_tree
B1,gpac.cve-2021-40575,0.7109004739336493,pair,,,,,,sibling,full_tree
B1,gpac.cve-2021-40575,0.35720375106564367,pair,,,,,,hierarchy,full_tree
B1,gpac.cve-2021-40575,0.36678200692041524,pair,,,,,,hierarchy,full_tree
B1,gpac.cve-2021-40575,0.3592314118629908,pair,,,,,,hierarchy,full_tree
B2,gpac.cve-2021-40575,0.9360978925900748,pair,,,,,,sibling,worker_only
B2,gpac.cve-2021-40575,0.9311520109066121,pair,,,,,,sibling,worker_only
B2,gpac.cve-2021-40575,0.936726272352132,pair,,,,,,sibling,worker_only
B2,gpac.cve-2021-40575,0.9253224711473184,pair,,,,,,sibling,worker_only
B2,gpac.cve-2021-40575,0.9277027027027027,pair,,,,,,sibling,worker_only
B2,gpac.cve-2021-40575,0.9305650102110279,pair,,,,,,sibling,worker_only
B2,gpac.cve-2021-40575,0.9193548387096774,pair,,,,,,sibling,worker_only
B2,gpac.cve-2021-40575,0.9415003441156229,pair,,,,,,sibling,worker_only
B2,gpac.cve-2021-40575,0.9419002050580998,pair,,,,,,sibling,worker_only
B2,gpac.cve-2021-40575,0.9475862068965517,pair,,,,,,sibling,worker_only
B2,gpac.cve-2021-40575,0.9371546961325967,pair,,,,,,sibling,worker_only
B2,gpac.cve-2021-40575,0.9369306236860546,pair,,,,,,sibling,worker_only
B2,gpac.cve-2021-40575,0.9190116678105696,pair,,,,,,sibling,worker_only
B2,gpac.cve-2021-40575,0.9349650349650349,pair,,,,,,sibling,worker_only
B2,gpac.cve-2021-40575,0.9442877291960508,pair,,,,,,sibling,worker_only
B2,gpac.cve-2021-40575,0.9207988980716253,pair,,,,,,sibling,worker_only
B2,gpac.cve-2021-40575,0.945031712473573,pair,,,,,,sibling,worker_only
B2,gpac.cve-2021-40575,0.9530916844349681,pair,,,,,,sibling,worker_only
B2,gpac.cve-2021-40575,0.9760174418604651,pair,,,,,,sibling,worker_only
B2,gpac.cve-2021-40575,0.9552238805970149,pair,,,,,,sibling,worker_only
B2,gpac.cve-2021-40575,0.9293785310734464,pair,,,,,,sibling,worker_only
B2,gpac.cve-2021-40575,0.9218859957776214,pair,,,,,,sibling,worker_only
B2,gpac.cve-2021-40575,0.9434097421203438,pair,,,,,,sibling,worker_only
B2,gpac.cve-2021-40575,0.5489130434782609,pair,,,,,,hierarchy,worker_only
B2,gpac.cve-2021-40575,0.9189008042895442,pair,,,,,,hierarchy,worker_only
B2,gpac.cve-2021-40575,0.9165554072096128,pair,,,,,,hierarchy,worker_only
B2,gpac.cve-2021-40575,0.9224544841537424,pair,,,,,,hierarchy,worker_only
B2,gpac.cve-2021-40575,0.9067460317460317,pair,,,,,,hierarchy,worker_only
B2,gpac.cve-2021-40575,0.9235412474849095,pair,,,,,,hierarchy,worker_only
B2,gpac.cve-2021-40575,0.9405666897028334,pair,,,,,,hierarchy,worker_only
B2,gpac.cve-2021-40575,0.9176310415248469,pair,,,,,,hierarchy,worker_only
B2,gpac.cve-2021-40575,0.9158751696065129,pair,,,,,,hierarchy,worker_only
B2,gpac.cve-2021-40575,0.9365853658536586,pair,,,,,,hierarchy,worker_only
B2,gpac.cve-2021-40575,0.9304589707927677,pair,,,,,,hierarchy,worker_only
B2,gpac.cve-2021-40575,0.9418938307030129,pair,,,,,,hierarchy,worker_only
B2,gpac.cve-2021-40575,0.9319631467044649,pair,,,,,,hierarchy,worker_only
B2,gpac.cve-2021-40575,0.9524152847873107,pair,,,,,,hierarchy,worker_only
B2,gpac.cve-2021-40575,0.8384766907419566,pair,,,,,,sibling,full_tree
B2,gpac.cve-2021-40575,0.8608870967741935,pair,,,,,,sibling,full_tree
B2,gpac.cve-2021-40575,0.8833798882681564,pair,,,,,,sibling,full_tree
B2,gpac.cve-2021-40575,0.8484848484848485,pair,,,,,,sibling,full_tree
B2,gpac.cve-2021-40575,0.8327868852459016,pair,,,,,,sibling,full_tree
B2,gpac.cve-2021-40575,0.8525469168900804,pair,,,,,,sibling,full_tree
B2,gpac.cve-2021-40575,0.9360978925900748,pair,,,,,,sibling,full_tree
B2,gpac.cve-2021-40575,0.9311520109066121,pair,,,,,,sibling,full_tree
B2,gpac.cve-2021-40575,0.936726272352132,pair,,,,,,sibling,full_tree
B2,gpac.cve-2021-40575,0.9253224711473184,pair,,,,,,sibling,full_tree
B2,gpac.cve-2021-40575,0.9277027027027027,pair,,,,,,sibling,full_tree
B2,gpac.cve-2021-40575,0.9305650102110279,pair,,,,,,sibling,full_tree
B2,gpac.cve-2021-40575,0.9193548387096774,pair,,,,,,sibling,full_tree
B2,gpac.cve-2021-40575,0.9415003441156229,pair,,,,,,sibling,full_tree
B2,gpac.cve-2021-40575,0.9419002050580998,pair,,,,,,sibling,full_tree
B2,gpac.cve-2021-40575,0.9475862068965517,pair,,,,,,sibling,full_tree
B2,gpac.cve-2021-40575,0.9371546961325967,pair,,,,,,sibling,full_tree
B2,gpac.cve-2021-40575,0.9369306236860546,pair,,,,,,sibling,full_tree
B2,gpac.cve-2021-40575,0.9190116678105696,pair,,,,,,sibling,full_tree
B2,gpac.cve-2021-40575,0.9349650349650349,pair,,,,,,sibling,full_tree
B2,gpac.cve-2021-40575,0.9442877291960508,pair,,,,,,sibling,full_tree
B2,gpac.cve-2021-40575,0.9207988980716253,pair,,,,,,sibling,full_tree
B2,gpac.cve-2021-40575,0.945031712473573,pair,,,,,,sibling,full_tree
B2,gpac.cve-2021-40575,0.9530916844349681,pair,,,,,,sibling,full_tree
B2,gpac.cve-2021-40575,0.9760174418604651,pair,,,,,,sibling,full_tree
B2,gpac.cve-2021-40575,0.9552238805970149,pair,,,,,,sibling,full_tree
B2,gpac.cve-2021-40575,0.9293785310734464,pair,,,,,,sibling,full_tree
B2,gpac.cve-2021-40575,0.9218859957776214,pair,,,,,,sibling,full_tree
B2,gpac.cve-2021-40575,0.9434097421203438,pair,,,,,,sibling,full_tree
B2,gpac.cve-2021-40575,0.5489130434782609,pair,,,,,,hierarchy,full_tree
B2,gpac.cve-2021-40575,0.5205973223480947,pair,,,,,,hierarchy,full_tree
B2,gpac.cve-2021-40575,0.5338582677165354,pair,,,,,,hierarchy,full_tree
B2,gpac.cve-2021-40575,0.5440778799351,pair,,,,,,hierarchy,full_tree
B2,gpac.cve-2021-40575,0.9189008042895442,pair,,,,,,hierarchy,full_tree
B2,gpac.cve-2021-40575,0.9165554072096128,pair,,,,,,hierarchy,full_tree
B2,gpac.cve-2021-40575,0.9224544841537424,pair,,,,,,hierarchy,full_tree
B2,gpac.cve-2021-40575,0.9067460317460317,pair,,,,,,hierarchy,full_tree
B2,gpac.cve-2021-40575,0.9235412474849095,pair,,,,,,hierarchy,full_tree
B2,gpac.cve-2021-40575,0.9405666897028334,pair,,,,,,hierarchy,full_tree
B2,gpac.cve-2021-40575,0.9176310415248469,pair,,,,,,hierarchy,full_tree
B2,gpac.cve-2021-40575,0.9158751696065129,pair,,,,,,hierarchy,full_tree
B2,gpac.cve-2021-40575,0.9365853658536586,pair,,,,,,hierarchy,full_tree
B2,gpac.cve-2021-40575,0.9304589707927677,pair,,,,,,hierarchy,full_tree
B2,gpac.cve-2021-40575,0.9418938307030129,pair,,,,,,hierarchy,full_tree
B2,gpac.cve-2021-40575,0.9319631467044649,pair,,,,,,hierarchy,full_tree
B2,gpac.cve-2021-40575,0.9524152847873107,pair,,,,,,hierarchy,full_tree
B1,gpac.cve-2022-1795,0.6939252336448598,pair,,,,,,sibling,worker_only
B1,gpac.cve-2022-1795,0.6693181818181818,pair,,,,,,sibling,worker_only
B1,gpac.cve-2022-1795,0.6998867497168743,pair,,,,,,sibling,worker_only
B1,gpac.cve-2022-1795,0.3674339300937766,pair,,,,,,hierarchy,worker_only
B1,gpac.cve-2022-1795,0.3741258741258741,pair,,,,,,hierarchy,worker_only
B1,gpac.cve-2022-1795,0.36272040302267,pair,,,,,,hierarchy,worker_only
B1,gpac.cve-2022-1795,0.6939252336448598,pair,,,,,,sibling,full_tree
B1,gpac.cve-2022-1795,0.6693181818181818,pair,,,,,,sibling,full_tree
B1,gpac.cve-2022-1795,0.6998867497168743,pair,,,,,,sibling,full_tree
B1,gpac.cve-2022-1795,0.3674339300937766,pair,,,,,,hierarchy,full_tree
B1,gpac.cve-2022-1795,0.3741258741258741,pair,,,,,,hierarchy,full_tree
B1,gpac.cve-2022-1795,0.36272040302267,pair,,,,,,hierarchy,full_tree
B2,gpac.cve-2022-1795,0.9407988587731811,pair,,,,,,sibling,worker_only
B2,gpac.cve-2022-1795,0.9422799422799423,pair,,,,,,sibling,worker_only
B2,gpac.cve-2022-1795,0.9450469992769343,pair,,,,,,sibling,worker_only
B2,gpac.cve-2022-1795,0.9374550682961897,pair,,,,,,sibling,worker_only
B2,gpac.cve-2022-1795,0.9417266187050359,pair,,,,,,sibling,worker_only
B2,gpac.cve-2022-1795,0.9416846652267818,pair,,,,,,sibling,worker_only
B2,gpac.cve-2022-1795,0.9383070301291249,pair,,,,,,sibling,worker_only
B2,gpac.cve-2022-1795,0.9632082413539367,pair,,,,,,sibling,worker_only
B2,gpac.cve-2022-1795,0.9596774193548387,pair,,,,,,sibling,worker_only
B2,gpac.cve-2022-1795,0.9610866372980911,pair,,,,,,sibling,worker_only
B2,gpac.cve-2022-1795,0.9421841541755889,pair,,,,,,sibling,worker_only
B2,gpac.cve-2022-1795,0.9434907010014306,pair,,,,,,sibling,worker_only
B2,gpac.cve-2022-1795,0.9376328844790929,pair,,,,,,sibling,worker_only
B2,gpac.cve-2022-1795,0.9328307059629883,pair,,,,,,sibling,worker_only
B2,gpac.cve-2022-1795,0.9408077994428969,pair,,,,,,sibling,worker_only
B2,gpac.cve-2022-1795,0.9364525139664804,pair,,,,,,sibling,worker_only
B2,gpac.cve-2022-1795,0.9347222222222222,pair,,,,,,sibling,worker_only
B2,gpac.cve-2022-1795,0.9318651066758431,pair,,,,,,sibling,worker_only
B2,gpac.cve-2022-1795,0.9235537190082644,pair,,,,,,sibling,worker_only
B2,gpac.cve-2022-1795,0.9192886456908345,pair,,,,,,sibling,worker_only
B2,gpac.cve-2022-1795,0.9519094766619519,pair,,,,,,sibling,worker_only
B2,gpac.cve-2022-1795,0.9459649122807018,pair,,,,,,sibling,worker_only
B2,gpac.cve-2022-1795,0.9553508150248051,pair,,,,,,sibling,worker_only
B2,gpac.cve-2022-1795,0.545755237045204,pair,,,,,,hierarchy,worker_only
B2,gpac.cve-2022-1795,0.940756602426838,pair,,,,,,hierarchy,worker_only
B2,gpac.cve-2022-1795,0.9333333333333333,pair,,,,,,hierarchy,worker_only
B2,gpac.cve-2022-1795,0.9472924187725632,pair,,,,,,hierarchy,worker_only
B2,gpac.cve-2022-1795,0.9458483754512635,pair,,,,,,hierarchy,worker_only
B2,gpac.cve-2022-1795,0.9382627422828428,pair,,,,,,hierarchy,worker_only
B2,gpac.cve-2022-1795,0.945597709377237,pair,,,,,,hierarchy,worker_only
B2,gpac.cve-2022-1795,0.9516594516594516,pair,,,,,,hierarchy,worker_only
B2,gpac.cve-2022-1795,0.9387464387464387,pair,,,,,,hierarchy,worker_only
B2,gpac.cve-2022-1795,0.9318023660403618,pair,,,,,,hierarchy,worker_only
B2,gpac.cve-2022-1795,0.941544885177453,pair,,,,,,hierarchy,worker_only
B2,gpac.cve-2022-1795,0.9256480218281037,pair,,,,,,hierarchy,worker_only
B2,gpac.cve-2022-1795,0.9492350486787204,pair,,,,,,hierarchy,worker_only
B2,gpac.cve-2022-1795,0.9301038062283737,pair,,,,,,hierarchy,worker_only
B2,gpac.cve-2022-1795,0.8459477561955794,pair,,,,,,sibling,full_tree
B2,gpac.cve-2022-1795,0.868547832071576,pair,,,,,,sibling,full_tree
B2,gpac.cve-2022-1795,0.8717589348283111,pair,,,,,,sibling,full_tree
B2,gpac.cve-2022-1795,0.8569509738079247,pair,,,,,,sibling,full_tree
B2,gpac.cve-2022-1795,0.8586065573770492,pair,,,,,,sibling,full_tree
B2,gpac.cve-2022-1795,0.8833450456781448,pair,,,,,,sibling,full_tree
B2,gpac.cve-2022-1795,0.9407988587731811,pair,,,,,,sibling,full_tree
B2,gpac.cve-2022-1795,0.9422799422799423,pair,,,,,,sibling,full_tree
B2,gpac.cve-2022-1795,0.9450469992769343,pair,,,,,,sibling,full_tree
B2,gpac.cve-2022-1795,0.9374550682961897,pair,,,,,,sibling,full_tree
B2,gpac.cve-2022-1795,0.9417266187050359,pair,,,,,,sibling,full_tree
B2,gpac.cve-2022-1795,0.9416846652267818,pair,,,,,,sibling,full_tree
B2,gpac.cve-2022-1795,0.9383070301291249,pair,,,,,,sibling,full_tree
B2,gpac.cve-2022-1795,0.9632082413539367,pair,,,,,,sibling,full_tree
B2,gpac.cve-2022-1795,0.9596774193548387,pair,,,,,,sibling,full_tree
B2,gpac.cve-2022-1795,0.9610866372980911,pair,,,,,,sibling,full_tree
B2,gpac.cve-2022-1795,0.9421841541755889,pair,,,,,,sibling,full_tree
B2,gpac.cve-2022-1795,0.9434907010014306,pair,,,,,,sibling,full_tree
B2,gpac.cve-2022-1795,0.9376328844790929,pair,,,,,,sibling,full_tree
B2,gpac.cve-2022-1795,0.9328307059629883,pair,,,,,,sibling,full_tree
B2,gpac.cve-2022-1795,0.9408077994428969,pair,,,,,,sibling,full_tree
B2,gpac.cve-2022-1795,0.9364525139664804,pair,,,,,,sibling,full_tree
B2,gpac.cve-2022-1795,0.9347222222222222,pair,,,,,,sibling,full_tree
B2,gpac.cve-2022-1795,0.9318651066758431,pair,,,,,,sibling,full_tree
B2,gpac.cve-2022-1795,0.9235537190082644,pair,,,,,,sibling,full_tree
B2,gpac.cve-2022-1795,0.9192886456908345,pair,,,,,,sibling,full_tree
B2,gpac.cve-2022-1795,0.9519094766619519,pair,,,,,,sibling,full_tree
B2,gpac.cve-2022-1795,0.9459649122807018,pair,,,,,,sibling,full_tree
B2,gpac.cve-2022-1795,0.9553508150248051,pair,,,,,,sibling,full_tree
B2,gpac.cve-2022-1795,0.5369670804101457,pair,,,,,,hierarchy,full_tree
B2,gpac.cve-2022-1795,0.5337655321447866,pair,,,,,,hierarchy,full_tree
B2,gpac.cve-2022-1795,0.5237341772151899,pair,,,,,,hierarchy,full_tree
B2,gpac.cve-2022-1795,0.545755237045204,pair,,,,,,hierarchy,full_tree
B2,gpac.cve-2022-1795,0.940756602426838,pair,,,,,,hierarchy,full_tree
B2,gpac.cve-2022-1795,0.9333333333333333,pair,,,,,,hierarchy,full_tree
B2,gpac.cve-2022-1795,0.9472924187725632,pair,,,,,,hierarchy,full_tree
B2,gpac.cve-2022-1795,0.9458483754512635,pair,,,,,,hierarchy,full_tree
B2,gpac.cve-2022-1795,0.9382627422828428,pair,,,,,,hierarchy,full_tree
B2,gpac.cve-2022-1795,0.945597709377237,pair,,,,,,hierarchy,full_tree
B2,gpac.cve-2022-1795,0.9516594516594516,pair,,,,,,hierarchy,full_tree
B2,gpac.cve-2022-1795,0.9387464387464387,pair,,,,,,hierarchy,full_tree
B2,gpac.cve-2022-1795,0.9318023660403618,pair,,,,,,hierarchy,full_tree
B2,gpac.cve-2022-1795,0.941544885177453,pair,,,,,,hierarchy,full_tree
B2,gpac.cve-2022-1795,0.9256480218281037,pair,,,,,,hierarchy,full_tree
B2,gpac.cve-2022-1795,0.9492350486787204,pair,,,,,,hierarchy,full_tree
B2,gpac.cve-2022-1795,0.9301038062283737,pair,,,,,,hierarchy,full_tree
B1,imagemagick.cve-2019-13309,0.6385896180215475,pair,,,,,,sibling,worker_only
B1,imagemagick.cve-2019-13309,0.621840242669363,pair,,,,,,sibling,worker_only
B1,imagemagick.cve-2019-13309,0.6461538461538462,pair,,,,,,sibling,worker_only
B1,imagemagick.cve-2019-13309,0.36083333333333334,pair,,,,,,hierarchy,worker_only
B1,imagemagick.cve-2019-13309,0.35079365079365077,pair,,,,,,hierarchy,worker_only
B1,imagemagick.cve-2019-13309,0.3478605388272583,pair,,,,,,hierarchy,worker_only
B1,imagemagick.cve-2019-13309,0.6385896180215475,pair,,,,,,sibling,full_tree
B1,imagemagick.cve-2019-13309,0.621840242669363,pair,,,,,,sibling,full_tree
B1,imagemagick.cve-2019-13309,0.6461538461538462,pair,,,,,,sibling,full_tree
B1,imagemagick.cve-2019-13309,0.36083333333333334,pair,,,,,,hierarchy,full_tree
B1,imagemagick.cve-2019-13309,0.35079365079365077,pair,,,,,,hierarchy,full_tree
B1,imagemagick.cve-2019-13309,0.3478605388272583,pair,,,,,,hierarchy,full_tree
B2,imagemagick.cve-2019-13309,0.9490806223479491,pair,,,,,,sibling,worker_only
B2,imagemagick.cve-2019-13309,0.9420494699646643,pair,,,,,,sibling,worker_only
B2,imagemagick.cve-2019-13309,0.9258222533240028,pair,,,,,,sibling,worker_only
B2,imagemagick.cve-2019-13309,0.9408831908831908,pair,,,,,,sibling,worker_only
B2,imagemagick.cve-2019-13309,0.9476291578202406,pair,,,,,,sibling,worker_only
B2,imagemagick.cve-2019-13309,0.9205574912891986,pair,,,,,,sibling,worker_only
B2,imagemagick.cve-2019-13309,0.9382102272727273,pair,,,,,,sibling,worker_only
B2,imagemagick.cve-2019-13309,0.9324894514767933,pair,,,,,,sibling,worker_only
B2,imagemagick.cve-2019-13309,0.9463519313304721,pair,,,,,,sibling,worker_only
B2,imagemagick.cve-2019-13309,0.9450392576730906,pair,,,,,,sibling,worker_only
B2,imagemagick.cve-2019-13309,0.9194346289752651,pair,,,,,,sibling,worker_only
B2,imagemagick.cve-2019-13309,0.9294692737430168,pair,,,,,,sibling,worker_only
B2,imagemagick.cve-2019-13309,0.9144237405106971,pair,,,,,,sibling,worker_only
B2,imagemagick.cve-2019-13309,0.9304775280898876,pair,,,,,,sibling,worker_only
B2,imagemagick.cve-2019-13309,0.9294871794871795,pair,,,,,,sibling,worker_only
B2,imagemagick.cve-2019-13309,0.927710843373494,pair,,,,,,sibling,worker_only
B2,imagemagick.cve-2019-13309,0.9374550682961897,pair,,,,,,sibling,worker_only
B2,imagemagick.cve-2019-13309,0.9349650349650349,pair,,,,,,sibling,worker_only
B2,imagemagick.cve-2019-13309,0.9433026222537207,pair,,,,,,sibling,worker_only
B2,imagemagick.cve-2019-13309,0.9428369795342273,pair,,,,,,sibling,worker_only
B2,imagemagick.cve-2019-13309,0.9152892561983471,pair,,,,,,sibling,worker_only
B2,imagemagick.cve-2019-13309,0.9243697478991597,pair,,,,,,sibling,worker_only
B2,imagemagick.cve-2019-13309,0.9072802197802198,pair,,,,,,sibling,worker_only
B2,imagemagick.cve-2019-13309,0.5520215633423181,pair,,,,,,hierarchy,worker_only
B2,imagemagick.cve-2019-13309,0.8947368421052632,pair,,,,,,hierarchy,worker_only
B2,imagemagick.cve-2019-13309,0.905241935483871,pair,,,,,,hierarchy,worker_only
B2,imagemagick.cve-2019-13309,0.905114401076716,pair,,,,,,hierarchy,worker_only
B2,imagemagick.cve-2019-13309,0.9104979811574697,pair,,,,,,hierarchy,worker_only
B2,imagemagick.cve-2019-13309,0.9014084507042254,pair,,,,,,hierarchy,worker_only
B2,imagemagick.cve-2019-13309,0.9180771834800271,pair,,,,,,hierarchy,worker_only
B2,imagemagick.cve-2019-13309,0.9014745308310992,pair,,,,,,hierarchy,worker_only
B2,imagemagick.cve-2019-13309,0.9172320217096337,pair,,,,,,hierarchy,worker_only
B2,imagemagick.cve-2019-13309,0.9025710419485792,pair,,,,,,hierarchy,worker_only
B2,imagemagick.cve-2019-13309,0.8827913279132791,pair,,,,,,hierarchy,worker_only
B2,imagemagick.cve-2019-13309,0.9222298692360633,pair,,,,,,hierarchy,worker_only
B2,imagemagick.cve-2019-13309,0.9089664613278576,pair,,,,,,hierarchy,worker_only
B2,imagemagick.cve-2019-13309,0.9145183175033921,pair,,,,,,hierarchy,worker_only
B2,imagemagick.cve-2019-13309,0.8341869398207427,pair,,,,,,sibling,full_tree
B2,imagemagick.cve-2019-13309,0.8248730964467005,pair,,,,,,sibling,full_tree
B2,imagemagick.cve-2019-13309,0.8528628495339547,pair,,,,,,sibling,full_tree
B2,imagemagick.cve-2019-13309,0.8492366412213741,pair,,,,,,sibling,full_tree
B2,imagemagick.cve-2019-13309,0.8500986193293886,pair,,,,,,sibling,full_tree
B2,imagemagick.cve-2019-13309,0.8379960962914769,pair,,,,,,sibling,full_tree
B2,imagemagick.cve-2019-13309,0.9490806223479491,pair,,,,,,sibling,full_tree
B2,imagemagick.cve-2019-13309,0.9420494699646643,pair,,,,,,sibling,full_tree
B2,imagemagick.cve-2019-13309,0.9258222533240028,pair,,,,,,sibling,full_tree
B2,imagemagick.cve-2019-13309,0.9408831908831908,pair,,,,,,sibling,full_tree
B2,imagemagick.cve-2019-13309,0.9476291578202406,pair,,,,,,sibling,full_tree
B2,imagemagick.cve-2019-13309,0.9205574912891986,pair,,,,,,sibling,full_tree
B2,imagemagick.cve-2019-13309,0.9382102272727273,pair,,,,,,sibling,full_tree
B2,imagemagick.cve-2019-13309,0.9324894514767933,pair,,,,,,sibling,full_tree
B2,imagemagick.cve-2019-13309,0.9463519313304721,pair,,,,,,sibling,full_tree
B2,imagemagick.cve-2019-13309,0.9450392576730906,pair,,,,,,sibling,full_tree
B2,imagemagick.cve-2019-13309,0.9194346289752651,pair,,,,,,sibling,full_tree
B2,imagemagick.cve-2019-13309,0.9294692737430168,pair,,,,,,sibling,full_tree
B2,imagemagick.cve-2019-13309,0.9144237405106971,pair,,,,,,sibling,full_tree
B2,imagemagick.cve-2019-13309,0.9304775280898876,pair,,,,,,sibling,full_tree
B2,imagemagick.cve-2019-13309,0.9294871794871795,pair,,,,,,sibling,full_tree
B2,imagemagick.cve-2019-13309,0.927710843373494,pair,,,,,,sibling,full_tree
B2,imagemagick.cve-2019-13309,0.9374550682961897,pair,,,,,,sibling,full_tree
B2,imagemagick.cve-2019-13309,0.9349650349650349,pair,,,,,,sibling,full_tree
B2,imagemagick.cve-2019-13309,0.9433026222537207,pair,,,,,,sibling,full_tree
B2,imagemagick.cve-2019-13309,0.9428369795342273,pair,,,,,,sibling,full_tree
B2,imagemagick.cve-2019-13309,0.9152892561983471,pair,,,,,,sibling,full_tree
B2,imagemagick.cve-2019-13309,0.9243697478991597,pair,,,,,,sibling,full_tree
B2,imagemagick.cve-2019-13309,0.9072802197802198,pair,,,,,,sibling,full_tree
B2,imagemagick.cve-2019-13309,0.527235354573484,pair,,,,,,hierarchy,full_tree
B2,imagemagick.cve-2019-13309,0.5231481481481481,pair,,,,,,hierarchy,full_tree
B2,imagemagick.cve-2019-13309,0.5316257187663356,pair,,,,,,hierarchy,full_tree
B2,imagemagick.cve-2019-13309,0.5520215633423181,pair,,,,,,hierarchy,full_tree
B2,imagemagick.cve-2019-13309,0.8947368421052632,pair,,,,,,hierarchy,full_tree
B2,imagemagick.cve-2019-13309,0.905241935483871,pair,,,,,,hierarchy,full_tree
B2,imagemagick.cve-2019-13309,0.905114401076716,pair,,,,,,hierarchy,full_tree
B2,imagemagick.cve-2019-13309,0.9104979811574697,pair,,,,,,hierarchy,full_tree
B2,imagemagick.cve-2019-13309,0.9014084507042254,pair,,,,,,hierarchy,full_tree
B2,imagemagick.cve-2019-13309,0.9180771834800271,pair,,,,,,hierarchy,full_tree
B2,imagemagick.cve-2019-13309,0.9014745308310992,pair,,,,,,hierarchy,full_tree
B2,imagemagick.cve-2019-13309,0.9172320217096337,pair,,,,,,hierarchy,full_tree
B2,imagemagick.cve-2019-13309,0.9025710419485792,pair,,,,,,hierarchy,full_tree
B2,imagemagick.cve-2019-13309,0.8827913279132791,pair,,,,,,hierarchy,full_tree
B2,imagemagick.cve-2019-13309,0.9222298692360633,pair,,,,,,hierarchy,full_tree
B2,imagemagick.cve-2019-13309,0.9089664613278576,pair,,,,,,hierarchy,full_tree
B2,imagemagick.cve-2019-13309,0.9145183175033921,pair,,,,,,hierarchy,full_tree
B1,mruby.cve-2022-0240,0.7393736017897091,pair,,,,,,sibling,worker_only
B1,mruby.cve-2022-0240,0.6674033149171271,pair,,,,,,sibling,worker_only
B1,mruby.cve-2022-0240,0.6902356902356902,pair,,,,,,sibling,worker_only
B1,mruby.cve-2022-0240,0.35805626598465473,pair,,,,,,hierarchy,worker_only
B1,mruby.cve-2022-0240,0.347005742411813,pair,,,,,,hierarchy,worker_only
B1,mruby.cve-2022-0240,0.3511953833470734,pair,,,,,,hierarchy,worker_only
B1,mruby.cve-2022-0240,0.7393736017897091,pair,,,,,,sibling,full_tree
B1,mruby.cve-2022-0240,0.6674033149171271,pair,,,,,,sibling,full_tree
B1,mruby.cve-2022-0240,0.6902356902356902,pair,,,,,,sibling,full_tree
B1,mruby.cve-2022-0240,0.35805626598465473,pair,,,,,,hierarchy,full_tree
B1,mruby.cve-2022-0240,0.347005742411813,pair,,,,,,hierarchy,full_tree
B1,mruby.cve-2022-0240,0.3511953833470734,pair,,,,,,hierarchy,full_tree
B2,mruby.cve-2022-0240,0.9501069137562367,pair,,,,,,sibling,worker_only
B2,mruby.cve-2022-0240,0.955,pair,,,,,,sibling,worker_only
B2,mruby.cve-2022-0240,0.9389204545454546,pair,,,,,,sibling,worker_only
B2,mruby.cve-2022-0240,0.9429793300071276,pair,,,,,,sibling,worker_only
B2,mruby.cve-2022-0240,0.9423897581792319,pair,,,,,,sibling,worker_only
B2,mruby.cve-2022-0240,0.9429386590584878,pair,,,,,,sibling,worker_only
B2,mruby.cve-2022-0240,0.9484240687679083,pair,,,,,,sibling,worker_only
B2,mruby.cve-2022-0240,0.938122332859175,pair,,,,,,sibling,worker_only
B2,mruby.cve-2022-0240,0.9477451682176091,pair,,,,,,sibling,worker_only
B2,mruby.cve-2022-0240,0.9567411679884643,pair,,,,,,sibling,worker_only
B2,mruby.cve-2022-0240,0.9576951130561634,pair,,,,,,sibling,worker_only
B2,mruby.cve-2022-0240,0.9541818181818181,pair,,,,,,sibling,worker_only
B2,mruby.cve-2022-0240,0.9461593682699211,pair,,,,,,sibling,worker_only
B2,mruby.cve-2022-0240,0.9375,pair,,,,,,sibling,worker_only
B2,mruby.cve-2022-0240,0.9326788218793829,pair,,,,,,sibling,worker_only
B2,mruby.cve-2022-0240,0.9437321937321937,pair,,,,,,sibling,worker_only
B2,mruby.cve-2022-0240,0.9259776536312849,pair,,,,,,sibling,worker_only
B2,mruby.cve-2022-0240,0.9293706293706294,pair,,,,,,sibling,worker_only
B2,mruby.cve-2022-0240,0.9417199715707179,pair,,,,,,sibling,worker_only
B2,mruby.cve-2022-0240,0.9227019498607242,pair,,,,,,sibling,worker_only
B2,mruby.cve-2022-0240,0.9506790564689064,pair,,,,,,sibling,worker_only
B2,mruby.cve-2022-0240,0.9422535211267605,pair,,,,,,sibling,worker_only
B2,mruby.cve-2022-0240,0.9493219129193433,pair,,,,,,sibling,worker_only
B2,mruby.cve-2022-0240,0.5447639717851329,pair,,,,,,hierarchy,worker_only
B2,mruby.cve-2022-0240,0.9357092941998603,pair,,,,,,hierarchy,worker_only
B2,mruby.cve-2022-0240,0.9235048678720446,pair,,,,,,hierarchy,worker_only
B2,mruby.cve-2022-0240,0.9199447895100069,pair,,,,,,hierarchy,worker_only
B2,mruby.cve-2022-0240,0.9257975034674064,pair,,,,,,hierarchy,worker_only
B2,mruby.cve-2022-0240,0.9197786998616874,pair,,,,,,hierarchy,worker_only
B2,mruby.cve-2022-0240,0.9529243937232525,pair,,,,,,hierarchy,worker_only
B2,mruby.cve-2022-0240,0.9364285714285714,pair,,,,,,hierarchy,worker_only
B2,mruby.cve-2022-0240,0.9383416017009213,pair,,,,,,hierarchy,worker_only
B2,mruby.cve-2022-0240,0.9338440111420613,pair,,,,,,hierarchy,worker_only
B2,mruby.cve-2022-0240,0.9244629244629244,pair,,,,,,hierarchy,worker_only
B2,mruby.cve-2022-0240,0.9352568613652358,pair,,,,,,hierarchy,worker_only
B2,mruby.cve-2022-0240,0.9338900487125957,pair,,,,,,hierarchy,worker_only
B2,mruby.cve-2022-0240,0.9132828630419821,pair,,,,,,hierarchy,worker_only
B2,mruby.cve-2022-0240,0.8570474281897128,pair,,,,,,sibling,full_tree
B2,mruby.cve-2022-0240,0.8514588859416445,pair,,,,,,sibling,full_tree
B2,mruby.cve-2022-0240,0.8604492852280463,pair,,,,,,sibling,full_tree
B2,mruby.cve-2022-0240,0.8572372769332453,pair,,,,,,sibling,full_tree
B2,mruby.cve-2022-0240,0.8550236008091706,pair,,,,,,sibling,full_tree
B2,mruby.cve-2022-0240,0.8581035642232683,pair,,,,,,sibling,full_tree
B2,mruby.cve-2022-0240,0.9501069137562367,pair,,,,,,sibling,full_tree
B2,mruby.cve-2022-0240,0.955,pair,,,,,,sibling,full_tree
B2,mruby.cve-2022-0240,0.9389204545454546,pair,,,,,,sibling,full_tree
B2,mruby.cve-2022-0240,0.9429793300071276,pair,,,,,,sibling,full_tree
B2,mruby.cve-2022-0240,0.9423897581792319,pair,,,,,,sibling,full_tree
B2,mruby.cve-2022-0240,0.9429386590584878,pair,,,,,,sibling,full_tree
B2,mruby.cve-2022-0240,0.9484240687679083,pair,,,,,,sibling,full_tree
B2,mruby.cve-2022-0240,0.938122332859175,pair,,,,,,sibling,full_tree
B2,mruby.cve-2022-0240,0.9477451682176091,pair,,,,,,sibling,full_tree
B2,mruby.cve-2022-0240,0.9567411679884643,pair,,,,,,sibling,full_tree
B2,mruby.cve-2022-0240,0.9576951130561634,pair,,,,,,sibling,full_tree
B2,mruby.cve-2022-0240,0.9541818181818181,pair,,,,,,sibling,full_tree
B2,mruby.cve-2022-0240,0.9461593682699211,pair,,,,,,sibling,full_tree
B2,mruby.cve-2022-0240,0.9375,pair,,,,,,sibling,full_tree
B2,mruby.cve-2022-0240,0.9326788218793829,pair,,,,,,sibling,full_tree
B2,mruby.cve-2022-0240,0.9437321937321937,pair,,,,,,sibling,full_tree
B2,mruby.cve-2022-0240,0.9259776536312849,pair,,,,,,sibling,full_tree
B2,mruby.cve-2022-0240,0.9293706293706294,pair,,,,,,sibling,full_tree
B2,mruby.cve-2022-0240,0.9417199715707179,pair,,,,,,sibling,full_tree
B2,mruby.cve-2022-0240,0.9227019498607242,pair,,,,,,sibling,full_tree
B2,mruby.cve-2022-0240,0.9506790564689064,pair,,,,,,sibling,full_tree
B2,mruby.cve-2022-0240,0.9422535211267605,pair,,,,,,sibling,full_tree
B2,mruby.cve-2022-0240,0.9493219129193433,pair,,,,,,sibling,full_tree
B2,mruby.cve-2022-0240,0.5294736842105263,pair,,,,,,hierarchy,full_tree
B2,mruby.cve-2022-0240,0.5447639717851329,pair,,,,,,hierarchy,full_tree
B2,mruby.cve-2022-0240,0.5355045381740523,pair,,,,,,hierarchy,full_tree
B2,mruby.cve-2022-0240,0.5304071919619249,pair,,,,,,hierarchy,full_tree
B2,mruby.cve-2022-0240,0.9357092941998603,pair,,,,,,hierarchy,full_tree
B2,mruby.cve-2022-0240,0.9235048678720446,pair,,,,,,hierarchy,full_tree
B2,mruby.cve-2022-0240,0.9199447895100069,pair,,,,,,hierarchy,full_tree
B2,mruby.cve-2022-0240,0.9257975034674064,pair,,,,,,hierarchy,full_tree
B2,mruby.cve-2022-0240,0.9197786998616874,pair,,,,,,hierarchy,full_tree
B2,mruby.cve-2022-0240,0.9529243937232525,pair,,,,,,hierarchy,full_tree
B2,mruby.cve-2022-0240,0.9364285714285714,pair,,,,,,hierarchy,full_tree
B2,mruby.cve-2022-0240,0.9383416017009213,pair,,,,,,hierarchy,full_tree
B2,mruby.cve-2022-0240,0.9338440111420613,pair,,,,,,hierarchy,full_tree
B2,mruby.cve-2022-0240,0.9244629244629244,pair,,,,,,hierarchy,full_tree
B2,mruby.cve-2022-0240,0.9352568613652358,pair,,,,,,hierarchy,full_tree
B2,mruby.cve-2022-0240,0.9338900487125957,pair,,,,,,hierarchy,full_tree
B2,mruby.cve-2022-0240,0.9132828630419821,pair,,,,,,hierarchy,full_tree
B1,njs.cve-2022-32414,0.6864224137931034,pair,,,,,,sibling,worker_only
B1,njs.cve-2022-32414,0.3628831814415907,pair,,,,,,hierarchy,worker_only
B1,njs.cve-2022-32414,0.3602638087386645,pair,,,,,,hierarchy,worker_only
B1,njs.cve-2022-32414,0.6864224137931034,pair,,,,,,sibling,full_tree
B1,njs.cve-2022-32414,0.3628831814415907,pair,,,,,,hierarchy,full_tree
B1,njs.cve-2022-32414,0.3602638087386645,pair,,,,,,hierarchy,full_tree
B2,njs.cve-2022-32414,0.9445224719101124,pair,,,,,,sibling,worker_only
B2,njs.cve-2022-32414,0.9355290819901892,pair,,,,,,sibling,worker_only
B2,njs.cve-2022-32414,0.9385474860335196,pair,,,,,,sibling,worker_only
B2,njs.cve-2022-32414,0.9286713286713286,pair,,,,,,sibling,worker_only
B2,njs.cve-2022-32414,0.951063829787234,pair,,,,,,sibling,worker_only
B2,njs.cve-2022-32414,0.9335664335664335,pair,,,,,,sibling,worker_only
B2,njs.cve-2022-32414,0.9399717514124294,pair,,,,,,sibling,worker_only
B2,njs.cve-2022-32414,0.9518754423213022,pair,,,,,,sibling,worker_only
B2,njs.cve-2022-32414,0.9543509272467903,pair,,,,,,sibling,worker_only
B2,njs.cve-2022-32414,0.9435426958362738,pair,,,,,,sibling,worker_only
B2,njs.cve-2022-32414,0.920108327691266,pair,,,,,,sibling,worker_only
B2,njs.cve-2022-32414,0.9097693351424695,pair,,,,,,sibling,worker_only
B2,njs.cve-2022-32414,0.907055630936228,pair,,,,,,sibling,worker_only
B2,njs.cve-2022-32414,0.9149081007488087,pair,,,,,,sibling,worker_only
B2,njs.cve-2022-32414,0.9198080877313228,pair,,,,,,sibling,worker_only
B2,njs.cve-2022-32414,0.9131326949384405,pair,,,,,,sibling,worker_only
B2,njs.cve-2022-32414,0.9210706932052162,pair,,,,,,sibling,worker_only
B2,njs.cve-2022-32414,0.9344947735191638,pair,,,,,,sibling,worker_only
B2,njs.cve-2022-32414,0.9345403899721448,pair,,,,,,sibling,worker_only
B2,njs.cve-2022-32414,0.9398601398601398,pair,,,,,,sibling,worker_only
B2,njs.cve-2022-32414,0.9516014234875445,pair,,,,,,sibling,worker_only
B2,njs.cve-2022-32414,0.956397426733381,pair,,,,,,sibling,worker_only
B2,njs.cve-2022-32414,0.9609929078014184,pair,,,,,,sibling,worker_only
B2,njs.cve-2022-32414,0.5467899891186072,pair,,,,,,hierarchy,worker_only
B2,njs.cve-2022-32414,0.912542372881356,pair,,,,,,hierarchy,worker_only
B2,njs.cve-2022-32414,0.9198913781398507,pair,,,,,,hierarchy,worker_only
B2,njs.cve-2022-32414,0.9102651257647859,pair,,,,,,hierarchy,worker_only
B2,njs.cve-2022-32414,0.9161028416779432,pair,,,,,,hierarchy,worker_only
B2,njs.cve-2022-32414,0.9168937329700273,pair,,,,,,hierarchy,worker_only
B2,njs.cve-2022-32414,0.9087301587301587,pair,,,,,,hierarchy,worker_only
B2,njs.cve-2022-32414,0.905685618729097,pair,,,,,,hierarchy,worker_only
B2,njs.cve-2022-32414,0.8943521594684385,pair,,,,,,hierarchy,worker_only
B2,njs.cve-2022-32414,0.8942115768463074,pair,,,,,,hierarchy,worker_only
B2,njs.cve-2022-32414,0.8857518056467498,pair,,,,,,hierarchy,worker_only
B2,njs.cve-2022-32414,0.9398340248962656,pair,,,,,,hierarchy,worker_only
B2,njs.cve-2022-32414,0.9406009783368274,pair,,,,,,hierarchy,worker_only
B2,njs.cve-2022-32414,0.9485038274182325,pair,,,,,,hierarchy,worker_only
B2,njs.cve-2022-32414,0.8085373509102323,pair,,,,,,sibling,full_tree
B2,njs.cve-2022-32414,0.8194532739987286,pair,,,,,,sibling,full_tree
B2,njs.cve-2022-32414,0.8411960132890366,pair,,,,,,sibling,full_tree
B2,njs.cve-2022-32414,0.817783343769568,pair,,,,,,sibling,full_tree
B2,njs.cve-2022-32414,0.8200647249190939,pair,,,,,,sibling,full_tree
B2,njs.cve-2022-32414,0.8350854139290408,pair,,,,,,sibling,full_tree
B2,njs.cve-2022-32414,0.9445224719101124,pair,,,,,,sibling,full_tree
B2,njs.cve-2022-32414,0.9355290819901892,pair,,,,,,sibling,full_tree
B2,njs.cve-2022-32414,0.9385474860335196,pair,,,,,,sibling,full_tree
B2,njs.cve-2022-32414,0.9286713286713286,pair,,,,,,sibling,full_tree
B2,njs.cve-2022-32414,0.951063829787234,pair,,,,,,sibling,full_tree
B2,njs.cve-2022-32414,0.9335664335664335,pair,,,,,,sibling,full_tree
B2,njs.cve-2022-32414,0.9399717514124294,pair,,,,,,sibling,full_tree
B2,njs.cve-2022-32414,0.9518754423213022,pair,,,,,,sibling,full_tree
B2,njs.cve-2022-32414,0.9543509272467903,pair,,,,,,sibling,full_tree
B2,njs.cve-2022-32414,0.9435426958362738,pair,,,,,,sibling,full_tree
B2,njs.cve-2022-32414,0.920108327691266,pair,,,,,,sibling,full_tree
B2,njs.cve-2022-32414,0.9097693351424695,pair,,,,,,sibling,full_tree
B2,njs.cve-2022-32414,0.907055630936228,pair,,,,,,sibling,full_tree
B2,njs.cve-2022-32414,0.9149081007488087,pair,,,,,,sibling,full_tree
B2,njs.cve-2022-32414,0.9198080877313228,pair,,,,,,sibling,full_tree
B2,njs.cve-2022-32414,0.9131326949384405,pair,,,,,,sibling,full_tree
B2,njs.cve-2022-32414,0.9210706932052162,pair,,,,,,sibling,full_tree
B2,njs.cve-2022-32414,0.9344947735191638,pair,,,,,,sibling,full_tree
B2,njs.cve-2022-32414,0.9345403899721448,pair,,,,,,sibling,full_tree
B2,njs.cve-2022-32414,0.9398601398601398,pair,,,,,,sibling,full_tree
B2,njs.cve-2022-32414,0.9516014234875445,pair,,,,,,sibling,full_tree
B2,njs.cve-2022-32414,0.956397426733381,pair,,,,,,sibling,full_tree
B2,njs.cve-2022-32414,0.9609929078014184,pair,,,,,,sibling,full_tree
B2,njs.cve-2022-32414,0.524948024948025,pair,,,,,,hierarchy,full_tree
B2,njs.cve-2022-32414,0.5467899891186072,pair,,,,,,hierarchy,full_tree
B2,njs.cve-2022-32414,0.5229499742135121,pair,,,,,,hierarchy,full_tree
B2,njs.cve-2022-32414,0.5262054507337526,pair,,,,,,hierarchy,full_tree
B2,njs.cve-2022-32414,0.912542372881356,pair,,,,,,hierarchy,full_tree
B2,njs.cve-2022-32414,0.9198913781398507,pair,,,,,,hierarchy,full_tree
B2,njs.cve-2022-32414,0.9102651257647859,pair,,,,,,hierarchy,full_tree
B2,njs.cve-2022-32414,0.9161028416779432,pair,,,,,,hierarchy,full_tree
B2,njs.cve-2022-32414,0.9168937329700273,pair,,,,,,hierarchy,full_tree
B2,njs.cve-2022-32414,0.9087301587301587,pair,,,,,,hierarchy,full_tree
B2,njs.cve-2022-32414,0.905685618729097,pair,,,,,,hierarchy,full_tree
B2,njs.cve-2022-32414,0.8943521594684385,pair,,,,,,hierarchy,full_tree
B2,njs.cve-2022-32414,0.8942115768463074,pair,,,,,,hierarchy,full_tree
B2,njs.cve-2022-32414,0.8857518056467498,pair,,,,,,hierarchy,full_tree
B2,njs.cve-2022-32414,0.9398340248962656,pair,,,,,,hierarchy,full_tree
B2,njs.cve-2022-32414,0.9406009783368274,pair,,,,,,hierarchy,full_tree
B2,njs.cve-2022-32414,0.9485038274182325,pair,,,,,,hierarchy,full_tree
B2,njs.cve-2022-38890,0.9022869022869023,pair,,,,,,sibling,worker_only
B2,njs.cve-2022-38890,0.8850415512465374,pair,,,,,,sibling,worker_only
B2,njs.cve-2022-38890,0.8966971187631764,pair,,,,,,sibling,worker_only
B2,njs.cve-2022-38890,0.8948106591865358,pair,,,,,,sibling,worker_only
B2,njs.cve-2022-38890,0.8892709766162311,pair,,,,,,sibling,worker_only
B2,njs.cve-2022-38890,0.8760330578512396,pair,,,,,,sibling,worker_only
B2,njs.cve-2022-38890,0.8832872928176796,pair,,,,,,sibling,worker_only
B2,njs.cve-2022-38890,0.9128895184135978,pair,,,,,,sibling,worker_only
B2,njs.cve-2022-38890,0.9272986457590877,pair,,,,,,sibling,worker_only
B2,njs.cve-2022-38890,0.9315561959654178,pair,,,,,,sibling,worker_only
B2,njs.cve-2022-38890,0.9358407079646017,pair,,,,,,sibling,worker_only
B2,njs.cve-2022-38890,0.9363434492968171,pair,,,,,,sibling,worker_only
B2,njs.cve-2022-38890,0.9340252038547072,pair,,,,,,sibling,worker_only
B2,njs.cve-2022-38890,0.9447348767737117,pair,,,,,,sibling,worker_only
B2,njs.cve-2022-38890,0.9386094674556213,pair,,,,,,sibling,worker_only
B2,njs.cve-2022-38890,0.9334319526627219,pair,,,,,,sibling,worker_only
B2,njs.cve-2022-38890,0.9412202380952381,pair,,,,,,sibling,worker_only
B2,njs.cve-2022-38890,0.9454817027632562,pair,,,,,,sibling,worker_only
B2,njs.cve-2022-38890,0.9402985074626866,pair,,,,,,sibling,worker_only
B2,njs.cve-2022-38890,0.9437781109445277,pair,,,,,,sibling,worker_only
B2,njs.cve-2022-38890,0.9134823359769286,pair,,,,,,sibling,worker_only
B2,njs.cve-2022-38890,0.9321033210332104,pair,,,,,,sibling,worker_only
B2,njs.cve-2022-38890,0.9287790697674418,pair,,,,,,sibling,worker_only
B2,njs.cve-2022-38890,0.5492487479131887,pair,,,,,,hierarchy,worker_only
B2,njs.cve-2022-38890,0.8885832187070152,pair,,,,,,hierarchy,worker_only
B2,njs.cve-2022-38890,0.8867667121418826,pair,,,,,,hierarchy,worker_only
B2,njs.cve-2022-38890,0.8705566733735748,pair,,,,,,hierarchy,worker_only
B2,njs.cve-2022-38890,0.8866894197952219,pair,,,,,,hierarchy,worker_only
B2,njs.cve-2022-38890,0.8956461644782309,pair,,,,,,hierarchy,worker_only
B2,njs.cve-2022-38890,0.9170872386445565,pair,,,,,,hierarchy,worker_only
B2,njs.cve-2022-38890,0.9217391304347826,pair,,,,,,hierarchy,worker_only
B2,njs.cve-2022-38890,0.9158273381294963,pair,,,,,,hierarchy,worker_only
B2,njs.cve-2022-38890,0.9111913357400722,pair,,,,,,hierarchy,worker_only
B2,njs.cve-2022-38890,0.9057142857142857,pair,,,,,,hierarchy,worker_only
B2,njs.cve-2022-38890,0.9238578680203046,pair,,,,,,hierarchy,worker_only
B2,njs.cve-2022-38890,0.916907514450867,pair,,,,,,hierarchy,worker_only
B2,njs.cve-2022-38890,0.9373198847262247,pair,,,,,,hierarchy,worker_only
B2,njs.cve-2022-38890,0.8555030384875084,pair,,,,,,sibling,full_tree
B2,njs.cve-2022-38890,0.8768267223382046,pair,,,,,,sibling,full_tree
B2,njs.cve-2022-38890,0.8945480631276901,pair,,,,,,sibling,full_tree
B2,njs.cve-2022-38890,0.8603238866396761,pair,,,,,,sibling,full_tree
B2,njs.cve-2022-38890,0.8589125946317963,pair,,,,,,sibling,full_tree
B2,njs.cve-2022-38890,0.8874643874643875,pair,,,,,,sibling,full_tree
B2,njs.cve-2022-38890,0.9022869022869023,pair,,,,,,sibling,full_tree
B2,njs.cve-2022-38890,0.8850415512465374,pair,,,,,,sibling,full_tree
B2,njs.cve-2022-38890,0.8966971187631764,pair,,,,,,sibling,full_tree
B2,njs.cve-2022-38890,0.8948106591865358,pair,,,,,,sibling,full_tree
B2,njs.cve-2022-38890,0.8892709766162311,pair,,,,,,sibling,full_tree
B2,njs.cve-2022-38890,0.8760330578512396,pair,,,,,,sibling,full_tree
B2,njs.cve-2022-38890,0.8832872928176796,pair,,,,,,sibling,full_tree
B2,njs.cve-2022-38890,0.9128895184135978,pair,,,,,,sibling,full_tree
B2,njs.cve-2022-38890,0.9272986457590877,pair,,,,,,sibling,full_tree
B2,njs.cve-2022-38890,0.9315561959654178,pair,,,,,,sibling,full_tree
B2,njs.cve-2022-38890,0.9358407079646017,pair,,,,,,sibling,full_tree
B2,njs.cve-2022-38890,0.9363434492968171,pair,,,,,,sibling,full_tree
B2,njs.cve-2022-38890,0.9340252038547072,pair,,,,,,sibling,full_tree
B2,njs.cve-2022-38890,0.9447348767737117,pair,,,,,,sibling,full_tree
B2,njs.cve-2022-38890,0.9386094674556213,pair,,,,,,sibling,full_tree
B2,njs.cve-2022-38890,0.9334319526627219,pair,,,,,,sibling,full_tree
B2,njs.cve-2022-38890,0.9412202380952381,pair,,,,,,sibling,full_tree
B2,njs.cve-2022-38890,0.9454817027632562,pair,,,,,,sibling,full_tree
B2,njs.cve-2022-38890,0.9402985074626866,pair,,,,,,sibling,full_tree
B2,njs.cve-2022-38890,0.9437781109445277,pair,,,,,,sibling,full_tree
B2,njs.cve-2022-38890,0.9134823359769286,pair,,,,,,sibling,full_tree
B2,njs.cve-2022-38890,0.9321033210332104,pair,,,,,,sibling,full_tree
B2,njs.cve-2022-38890,0.9287790697674418,pair,,,,,,sibling,full_tree
B2,njs.cve-2022-38890,0.5239852398523985,pair,,,,,,hierarchy,full_tree
B2,njs.cve-2022-38890,0.5426398696360674,pair,,,,,,hierarchy,full_tree
B2,njs.cve-2022-38890,0.5377512221618685,pair,,,,,,hierarchy,full_tree
B2,njs.cve-2022-38890,0.5492487479131887,pair,,,,,,hierarchy,full_tree
B2,njs.cve-2022-38890,0.8885832187070152,pair,,,,,,hierarchy,full_tree
B2,njs.cve-2022-38890,0.8867667121418826,pair,,,,,,hierarchy,full_tree
B2,njs.cve-2022-38890,0.8705566733735748,pair,,,,,,hierarchy,full_tree
B2,njs.cve-2022-38890,0.8866894197952219,pair,,,,,,hierarchy,full_tree
B2,njs.cve-2022-38890,0.8956461644782309,pair,,,,,,hierarchy,full_tree
B2,njs.cve-2022-38890,0.9170872386445565,pair,,,,,,hierarchy,full_tree
B2,njs.cve-2022-38890,0.9217391304347826,pair,,,,,,hierarchy,full_tree
B2,njs.cve-2022-38890,0.9158273381294963,pair,,,,,,hierarchy,full_tree
B2,njs.cve-2022-38890,0.9111913357400722,pair,,,,,,hierarchy,full_tree
B2,njs.cve-2022-38890,0.9057142857142857,pair,,,,,,hierarchy,full_tree
B2,njs.cve-2022-38890,0.9238578680203046,pair,,,,,,hierarchy,full_tree
B2,njs.cve-2022-38890,0.916907514450867,pair,,,,,,hierarchy,full_tree
B2,njs.cve-2022-38890,0.9373198847262247,pair,,,,,,hierarchy,full_tree
B1,openjpeg.cve-2016-7445,0.6793893129770993,pair,,,,,,sibling,worker_only
B1,openjpeg.cve-2016-7445,0.67439293598234,pair,,,,,,sibling,worker_only
B1,openjpeg.cve-2016-7445,0.7134767836919592,pair,,,,,,sibling,worker_only
B1,openjpeg.cve-2016-7445,0.3720136518771331,pair,,,,,,hierarchy,worker_only
B1,openjpeg.cve-2016-7445,0.3613655287260616,pair,,,,,,hierarchy,worker_only
B1,openjpeg.cve-2016-7445,0.35803497085761865,pair,,,,,,hierarchy,worker_only
B1,openjpeg.cve-2016-7445,0.6793893129770993,pair,,,,,,sibling,full_tree
B1,openjpeg.cve-2016-7445,0.67439293598234,pair,,,,,,sibling,full_tree
B1,openjpeg.cve-2016-7445,0.7134767836919592,pair,,,,,,sibling,full_tree
B1,openjpeg.cve-2016-7445,0.3720136518771331,pair,,,,,,hierarchy,full_tree
B1,openjpeg.cve-2016-7445,0.3613655287260616,pair,,,,,,hierarchy,full_tree
B1,openjpeg.cve-2016-7445,0.35803497085761865,pair,,,,,,hierarchy,full_tree
B2,openjpeg.cve-2016-7445,0.9445614035087719,pair,,,,,,sibling,worker_only
B2,openjpeg.cve-2016-7445,0.9254874651810585,pair,,,,,,sibling,worker_only
B2,openjpeg.cve-2016-7445,0.9125607217210271,pair,,,,,,sibling,worker_only
B2,openjpeg.cve-2016-7445,0.9256140350877193,pair,,,,,,sibling,worker_only
B2,openjpeg.cve-2016-7445,0.9285714285714286,pair,,,,,,sibling,worker_only
B2,openjpeg.cve-2016-7445,0.9182389937106918,pair,,,,,,sibling,worker_only
B2,openjpeg.cve-2016-7445,0.9314487632508834,pair,,,,,,sibling,worker_only
B2,openjpeg.cve-2016-7445,0.9261603375527426,pair,,,,,,sibling,worker_only
B2,openjpeg.cve-2016-7445,0.9367897727272727,pair,,,,,,sibling,worker_only
B2,openjpeg.cve-2016-7445,0.944206008583691,pair,,,,,,sibling,worker_only
B2,openjpeg.cve-2016-7445,0.9606700655498908,pair,,,,,,sibling,worker_only
B2,openjpeg.cve-2016-7445,0.9380782918149466,pair,,,,,,sibling,worker_only
B2,openjpeg.cve-2016-7445,0.9343683839096684,pair,,,,,,sibling,worker_only
B2,openjpeg.cve-2016-7445,0.9645697758496024,pair,,,,,,sibling,worker_only
B2,openjpeg.cve-2016-7445,0.9615663524292966,pair,,,,,,sibling,worker_only
B2,openjpeg.cve-2016-7445,0.9504310344827587,pair,,,,,,sibling,worker_only
B2,openjpeg.cve-2016-7445,0.9577874818049491,pair,,,,,,sibling,worker_only
B2,openjpeg.cve-2016-7445,0.9623733719247467,pair,,,,,,sibling,worker_only
B2,openjpeg.cve-2016-7445,0.9442857142857143,pair,,,,,,sibling,worker_only
B2,openjpeg.cve-2016-7445,0.9543478260869566,pair,,,,,,sibling,worker_only
B2,openjpeg.cve-2016-7445,0.9566787003610109,pair,,,,,,sibling,worker_only
B2,openjpeg.cve-2016-7445,0.964155084125823,pair,,,,,,sibling,worker_only
B2,openjpeg.cve-2016-7445,0.9585755813953488,pair,,,,,,sibling,worker_only
B2,openjpeg.cve-2016-7445,0.5530877573131094,pair,,,,,,hierarchy,worker_only
B2,openjpeg.cve-2016-7445,0.8981670061099797,pair,,,,,,hierarchy,worker_only
B2,openjpeg.cve-2016-7445,0.903182125930941,pair,,,,,,hierarchy,worker_only
B2,openjpeg.cve-2016-7445,0.9029391660970608,pair,,,,,,hierarchy,worker_only
B2,openjpeg.cve-2016-7445,0.9172932330827067,pair,,,,,,hierarchy,worker_only
B2,openjpeg.cve-2016-7445,0.9158180583842498,pair,,,,,,hierarchy,worker_only
B2,openjpeg.cve-2016-7445,0.9220598469032707,pair,,,,,,hierarchy,worker_only
B2,openjpeg.cve-2016-7445,0.9423897581792319,pair,,,,,,hierarchy,worker_only
B2,openjpeg.cve-2016-7445,0.953203743700504,pair,,,,,,hierarchy,worker_only
B2,openjpeg.cve-2016-7445,0.925,pair,,,,,,hierarchy,worker_only
B2,openjpeg.cve-2016-7445,0.9295184926727146,pair,,,,,,hierarchy,worker_only
B2,openjpeg.cve-2016-7445,0.9262865090403338,pair,,,,,,hierarchy,worker_only
B2,openjpeg.cve-2016-7445,0.9246861924686193,pair,,,,,,hierarchy,worker_only
B2,openjpeg.cve-2016-7445,0.9195804195804196,pair,,,,,,hierarchy,worker_only
B2,openjpeg.cve-2016-7445,0.8454963839579224,pair,,,,,,sibling,full_tree
B2,openjpeg.cve-2016-7445,0.8660415271265908,pair,,,,,,sibling,full_tree
B2,openjpeg.cve-2016-7445,0.8746575342465753,pair,,,,,,sibling,full_tree
B2,openjpeg.cve-2016-7445,0.8364576599870718,pair,,,,,,sibling,full_tree
B2,openjpeg.cve-2016-7445,0.8404746209624259,pair,,,,,,sibling,full_tree
B2,openjpeg.cve-2016-7445,0.8609805238415044,pair,,,,,,sibling,full_tree
B2,openjpeg.cve-2016-7445,0.9445614035087719,pair,,,,,,sibling,full_tree
B2,openjpeg.cve-2016-7445,0.9254874651810585,pair,,,,,,sibling,full_tree
B2,openjpeg.cve-2016-7445,0.9125607217210271,pair,,,,,,sibling,full_tree
B2,openjpeg.cve-2016-7445,0.9256140350877193,pair,,,,,,sibling,full_tree
B2,openjpeg.cve-2016-7445,0.9285714285714286,pair,,,,,,sibling,full_tree
B2,openjpeg.cve-2016-7445,0.9182389937106918,pair,,,,,,sibling,full_tree
B2,openjpeg.cve-2016-7445,0.9314487632508834,pair,,,,,,sibling,full_tree
B2,openjpeg.cve-2016-7445,0.9261603375527426,pair,,,,,,sibling,full_tree
B2,openjpeg.cve-2016-7445,0.9367897727272727,pair,,,,,,sibling,full_tree
B2,openjpeg.cve-2016-7445,0.944206008583691,pair,,,,,,sibling,full_tree
B2,openjpeg.cve-2016-7445,0.9606700655498908,pair,,,,,,sibling,full_tree
B2,openjpeg.cve-2016-7445,0.9380782918149466,pair,,,,,,sibling,full_tree
B2,openjpeg.cve-2016-7445,0.9343683839096684,pair,,,,,,sibling,full_tree
B2,openjpeg.cve-2016-7445,0.9645697758496024,pair,,,,,,sibling,full_tree
B2,openjpeg.cve-2016-7445,0.9615663524292966,pair,,,,,,sibling,full_tree
B2,openjpeg.cve-2016-7445,0.9504310344827587,pair,,,,,,sibling,full_tree
B2,openjpeg.cve-2016-7445,0.9577874818049491,pair,,,,,,sibling,full_tree
B2,openjpeg.cve-2016-7445,0.9623733719247467,pair,,,,,,sibling,full_tree
B2,openjpeg.cve-2016-7445,0.9442857142857143,pair,,,,,,sibling,full_tree
B2,openjpeg.cve-2016-7445,0.9543478260869566,pair,,,,,,sibling,full_tree
B2,openjpeg.cve-2016-7445,0.9566787003610109,pair,,,,,,sibling,full_tree
B2,openjpeg.cve-2016-7445,0.964155084125823,pair,,,,,,sibling,full_tree
B2,openjpeg.cve-2016-7445,0.9585755813953488,pair,,,,,,sibling,full_tree
B2,openjpeg.cve-2016-7445,0.5280957336108221,pair,,,,,,hierarchy,full_tree
B2,openjpeg.cve-2016-7445,0.5453083109919571,pair,,,,,,hierarchy,full_tree
B2,openjpeg.cve-2016-7445,0.5395987328405492,pair,,,,,,hierarchy,full_tree
B2,openjpeg.cve-2016-7445,0.5530877573131094,pair,,,,,,hierarchy,full_tree
B2,openjpeg.cve-2016-7445,0.8981670061099797,pair,,,,,,hierarchy,full_tree
B2,openjpeg.cve-2016-7445,0.903182125930941,pair,,,,,,hierarchy,full_tree
B2,openjpeg.cve-2016-7445,0.9029391660970608,pair,,,,,,hierarchy,full_tree
B2,openjpeg.cve-2016-7445,0.9172932330827067,pair,,,,,,hierarchy,full_tree
B2,openjpeg.cve-2016-7445,0.9158180583842498,pair,,,,,,hierarchy,full_tree
B2,openjpeg.cve-2016-7445,0.9220598469032707,pair,,,,,,hierarchy,full_tree
B2,openjpeg.cve-2016-7445,0.9423897581792319,pair,,,,,,hierarchy,full_tree
B2,openjpeg.cve-2016-7445,0.953203743700504,pair,,,,,,hierarchy,full_tree
B2,openjpeg.cve-2016-7445,0.925,pair,,,,,,hierarchy,full_tree
B2,openjpeg.cve-2016-7445,0.9295184926727146,pair,,,,,,hierarchy,full_tree
B2,openjpeg.cve-2016-7445,0.9262865090403338,pair,,,,,,hierarchy,full_tree
B2,openjpeg.cve-2016-7445,0.9246861924686193,pair,,,,,,hierarchy,full_tree
B2,openjpeg.cve-2016-7445,0.9195804195804196,pair,,,,,,hierarchy,full_tree
B1,__ALL__,,summary,0.7393736017897091,0.6793828870681095,0.6793893129770993,0.621840242669363,21,sibling,worker_only
B1,__ALL__,,summary,0.3741258741258741,0.3577595279851889,0.3580456184211367,0.34596774193548385,24,hierarchy,worker_only
B1,__ALL__,,summary,0.7393736017897091,0.6793828870681095,0.6793893129770993,0.621840242669363,21,sibling,full_tree
B1,__ALL__,,summary,0.3741258741258741,0.3577595279851889,0.3580456184211367,0.34596774193548385,24,hierarchy,full_tree
B2,__ALL__,,summary,0.9760174418604651,0.9350865678496671,0.9365893931593062,0.8760330578512396,208,sibling,worker_only
B2,__ALL__,,summary,0.9652482269503546,0.8944885583600121,0.9196795597210534,0.5443175638934203,128,hierarchy,worker_only
B2,__ALL__,,summary,0.9760174418604651,0.9180512765338984,0.9313003870787477,0.8085373509102323,262,sibling,full_tree
B2,__ALL__,,summary,0.9652482269503546,0.8293957178037257,0.9151681879438209,0.5205973223480947,156,hierarchy,full_tree
